Key,Avg CPM,Avg CPC,Avg CTR,ROI
1,141.2212504,0.455767576,0.314156025,3.177691438
